,count,mean,std,min,25%,50%,75%,max,skew,kurtosis
MedInc,20640.0,3.8706710029069766,1.8998217179452732,0.4999,2.5633999999999997,3.5347999999999997,4.74325,15.0001,1.6466567021344465,4.952524101991511
HouseAge,20640.0,28.639486434108527,12.585557612111637,1.0,18.0,29.0,37.0,52.0,0.060330637599136865,-0.800628853586641
AveRooms,20640.0,5.428999742190376,2.4741731394243205,0.8461538461538461,4.440716235896959,5.229128787878788,6.052380952380952,141.9090909090909,20.697868956710646,879.3532639756771
AveBedrms,20640.0,1.096675149606208,0.47391085679546435,0.3333333333333333,1.006079046038478,1.048780487804878,1.099526066350711,34.06666666666667,31.316956246782663,1636.7119717776789
Population,20640.0,1425.4767441860465,1132.4621217653375,3.0,787.0,1166.0,1725.0,35682.0,4.93585822672712,73.55311639416514
AveOccup,20640.0,3.0706551594363742,10.386049562213591,0.6923076923076923,2.4297411475535755,2.818115654360196,3.2822609242736216,1243.3333333333333,97.63956096369479,10651.01063616739
Latitude,20640.0,35.63186143410853,2.1359523974571117,32.54,33.93,34.26,37.71,41.95,0.46595300370997006,-1.1177597814979523
Longitude,20640.0,-119.56970445736432,2.003531723502581,-124.35,-121.8,-118.49,-118.01,-114.31,-0.2978012079524362,-1.3301523662288144
MedHouseVal,20640.0,2.068558169089147,1.1539561587441483,0.14999,1.196,1.797,2.6472499999999997,5.00001,0.9777632739098345,0.3278702429465876
