,skewness,kurtosis,verdict
MedInc,1.6466567021344465,4.952524101991511,strongly skewed
HouseAge,0.060330637599136865,-0.800628853586641,approx. symmetric
AveRooms,20.697868956710646,879.3532639756771,strongly skewed
AveBedrms,31.316956246782663,1636.7119717776789,strongly skewed
Population,4.93585822672712,73.55311639416514,strongly skewed
AveOccup,97.63956096369479,10651.01063616739,strongly skewed
Latitude,0.46595300370997006,-1.1177597814979523,approx. symmetric
Longitude,-0.2978012079524362,-1.3301523662288144,approx. symmetric
MedHouseVal,0.9777632739098345,0.3278702429465876,moderately skewed
