Feature_1,Feature_2,Pearson_r,abs_r,flag
Latitude,Longitude,-0.9246644339150366,0.9246644339150366,HIGH
AveRooms,AveBedrms,0.8476213257130424,0.8476213257130424,HIGH
MedInc,AveRooms,0.32689543164129786,0.32689543164129786,low
HouseAge,Population,-0.29624423977353637,0.29624423977353637,low
HouseAge,AveRooms,-0.15327742256198928,0.15327742256198928,low
MedInc,HouseAge,-0.1190339899378567,0.1190339899378567,low
Population,Latitude,-0.10878474737766855,0.10878474737766855,low
HouseAge,Longitude,-0.10819681311244445,0.10819681311244445,low
AveRooms,Latitude,0.10638896548625214,0.10638896548625214,low
Population,Longitude,0.09977322287464553,0.09977322287464553,low
MedInc,Latitude,-0.07980912745972177,0.07980912745972177,low
HouseAge,AveBedrms,-0.07774728275376007,0.07774728275376007,low
AveRooms,Population,-0.07221284865893271,0.07221284865893271,low
Population,AveOccup,0.06986273036567692,0.06986273036567692,low
AveBedrms,Latitude,0.06972112988874127,0.06972112988874127,low
AveBedrms,Population,-0.06619740232676077,0.06619740232676077,low
MedInc,AveBedrms,-0.06204013383609916,0.06204013383609916,low
AveRooms,Longitude,-0.02754005387354732,0.02754005387354732,low
MedInc,AveOccup,0.018766247966968946,0.018766247966968946,low
MedInc,Longitude,-0.015175865414177248,0.015175865414177248,low
AveBedrms,Longitude,0.013344389639997793,0.013344389639997793,low
HouseAge,AveOccup,0.013191356636029718,0.013191356636029718,low
HouseAge,Latitude,0.011172673530611242,0.011172673530611242,low
AveBedrms,AveOccup,-0.006181201268673081,0.006181201268673081,low
AveRooms,AveOccup,-0.004852294991781258,0.004852294991781258,low
MedInc,Population,0.004834345627653136,0.004834345627653136,low
AveOccup,Longitude,0.0024758163767058645,0.0024758163767058645,low
AveOccup,Latitude,0.002366182263750124,0.002366182263750124,low
