,R2,Adj_R2,MAE,MSE,RMSE,n_features
Random Forest Regressor,0.8061857564039718,0.8058093267004592,0.32681185043604677,0.2539759249192041,0.5039602414072009,8
Gradient Boosting Regressor,0.7924773329592267,0.7920742784954428,0.3549954301483466,0.27193956607872616,0.5214782508204212,8
Polynomial Regression (deg 2),0.6456819729261903,0.6449938097272123,0.4670009334696584,0.4643015238301223,0.6813967448044658,8
Lasso Regression,0.5768562568705682,0.5760344190591976,0.5331447750392391,0.5544913600832686,0.7446417662764214,8
Elastic Net Regression,0.576824926858114,0.5760030281969986,0.5331424033526022,0.5545324152128767,0.7446693328000534,8
Ridge Regression,0.5758757397703369,0.575051997580039,0.533179244986032,0.5557762384947302,0.7455040164175711,8
Multiple Linear Regression,0.5757877060324508,0.5749637928613558,0.5332001304956566,0.5558915986952444,0.7455813830127764,8
Robust Regression (Huber),0.5610237531143614,0.5601711651136123,0.515845670561454,0.5752384151534345,0.7584447344094588,8
Simple Linear Regression,0.45885918903846656,0.4587280351821986,0.629908653009376,0.7091157771765548,0.8420901241414454,1
